symbol,sector
0700.HK,HKEX
1288.HK,HKEX
1398.HK,HKEX
9988.HK,HKEX
0939.HK,HKEX
0005.HK,HKEX
0941.HK,HKEX
0857.HK,HKEX
3988.HK,HKEX
2628.HK,HKEX
00001.HK,HKEX
00002.HK,HKEX
00003.HK,HKEX
00004.HK,HKEX
00005.HK,HKEX
00006.HK,HKEX
00007.HK,HKEX
00008.HK,HKEX
00009.HK,HKEX
00010.HK,HKEX
00012.HK,HKEX
00013.HK,HKEX
00014.HK,HKEX
00016.HK,HKEX
00017.HK,HKEX
00018.HK,HKEX
00019.HK,HKEX
00020.HK,HKEX
00021.HK,HKEX
00022.HK,HKEX
00023.HK,HKEX
00025.HK,HKEX
00026.HK,HKEX
00027.HK,HKEX
00028.HK,HKEX
00029.HK,HKEX
00030.HK,HKEX
00031.HK,HKEX
00032.HK,HKEX
00033.HK,HKEX
00034.HK,HKEX
00035.HK,HKEX
00036.HK,HKEX
00037.HK,HKEX
00038.HK,HKEX
00039.HK,HKEX
00040.HK,HKEX
00041.HK,HKEX
00042.HK,HKEX
00045.HK,HKEX
00046.HK,HKEX
00048.HK,HKEX
00050.HK,HKEX
00051.HK,HKEX
00052.HK,HKEX
00053.HK,HKEX
00055.HK,HKEX
00057.HK,HKEX
00058.HK,HKEX
00059.HK,HKEX
00060.HK,HKEX
00061.HK,HKEX
00062.HK,HKEX
00063.HK,HKEX
00064.HK,HKEX
00065.HK,HKEX
00066.HK,HKEX
00069.HK,HKEX
00070.HK,HKEX
00071.HK,HKEX
00072.HK,HKEX
00073.HK,HKEX
00075.HK,HKEX
00076.HK,HKEX
00077.HK,HKEX
00078.HK,HKEX
00079.HK,HKEX
00080.HK,HKEX
00081.HK,HKEX
00082.HK,HKEX
00083.HK,HKEX
00084.HK,HKEX
00085.HK,HKEX
00086.HK,HKEX
00087.HK,HKEX
00088.HK,HKEX
00089.HK,HKEX
00090.HK,HKEX
00092.HK,HKEX
00093.HK,HKEX
00094.HK,HKEX
00095.HK,HKEX
00096.HK,HKEX
00097.HK,HKEX
00098.HK,HKEX
00099.HK,HKEX
00100.HK,HKEX
00101.HK,HKEX
00103.HK,HKEX
00104.HK,HKEX
00105.HK,HKEX
00106.HK,HKEX
00107.HK,HKEX
00108.HK,HKEX
00110.HK,HKEX
00111.HK,HKEX
00113.HK,HKEX
00114.HK,HKEX
00115.HK,HKEX
00116.HK,HKEX
00117.HK,HKEX
00118.HK,HKEX
00119.HK,HKEX
00120.HK,HKEX
00122.HK,HKEX
00123.HK,HKEX
00124.HK,HKEX
00125.HK,HKEX
00126.HK,HKEX
00127.HK,HKEX
00128.HK,HKEX
00129.HK,HKEX
00130.HK,HKEX
00131.HK,HKEX
00132.HK,HKEX
00133.HK,HKEX
00135.HK,HKEX
00136.HK,HKEX
00137.HK,HKEX
00138.HK,HKEX
00139.HK,HKEX
00142.HK,HKEX
00144.HK,HKEX
00145.HK,HKEX
00146.HK,HKEX
00147.HK,HKEX
00148.HK,HKEX
00149.HK,HKEX
00150.HK,HKEX
00151.HK,HKEX
00152.HK,HKEX
00154.HK,HKEX
00156.HK,HKEX
00157.HK,HKEX
00158.HK,HKEX
00159.HK,HKEX
00160.HK,HKEX
00162.HK,HKEX
00163.HK,HKEX
00164.HK,HKEX
00165.HK,HKEX
00166.HK,HKEX
00167.HK,HKEX
00168.HK,HKEX
00169.HK,HKEX
00171.HK,HKEX
00173.HK,HKEX
00174.HK,HKEX
00175.HK,HKEX
00176.HK,HKEX
00177.HK,HKEX
00178.HK,HKEX
00179.HK,HKEX
00180.HK,HKEX
00181.HK,HKEX
00182.HK,HKEX
00183.HK,HKEX
00184.HK,HKEX
00185.HK,HKEX
00186.HK,HKEX
00187.HK,HKEX
00188.HK,HKEX
00189.HK,HKEX
00191.HK,HKEX
00193.HK,HKEX
00194.HK,HKEX
00195.HK,HKEX
00196.HK,HKEX
00197.HK,HKEX
00199.HK,HKEX
00200.HK,HKEX
00201.HK,HKEX
00202.HK,HKEX
00204.HK,HKEX
00205.HK,HKEX
00206.HK,HKEX
00209.HK,HKEX
00210.HK,HKEX
00211.HK,HKEX
00212.HK,HKEX
00213.HK,HKEX
00214.HK,HKEX
00215.HK,HKEX
00216.HK,HKEX
00217.HK,HKEX
00218.HK,HKEX
00219.HK,HKEX
00220.HK,HKEX
00222.HK,HKEX
00223.HK,HKEX
00224.HK,HKEX
00225.HK,HKEX
00227.HK,HKEX
00228.HK,HKEX
00229.HK,HKEX
00230.HK,HKEX
00232.HK,HKEX
00234.HK,HKEX
00235.HK,HKEX
00236.HK,HKEX
00237.HK,HKEX
00239.HK,HKEX
00240.HK,HKEX
00241.HK,HKEX
00242.HK,HKEX
00243.HK,HKEX
00244.HK,HKEX
00245.HK,HKEX
00247.HK,HKEX
00248.HK,HKEX
00251.HK,HKEX
00252.HK,HKEX
00253.HK,HKEX
00254.HK,HKEX
00255.HK,HKEX
00256.HK,HKEX
00257.HK,HKEX
00258.HK,HKEX
00259.HK,HKEX
00261.HK,HKEX
00262.HK,HKEX
00264.HK,HKEX
00265.HK,HKEX
00266.HK,HKEX
00267.HK,HKEX
00268.HK,HKEX
00269.HK,HKEX
00270.HK,HKEX
00271.HK,HKEX
00272.HK,HKEX
00274.HK,HKEX
00276.HK,HKEX
00277.HK,HKEX
00279.HK,HKEX
00280.HK,HKEX
00285.HK,HKEX
00286.HK,HKEX
00287.HK,HKEX
00288.HK,HKEX
00289.HK,HKEX
00290.HK,HKEX
00291.HK,HKEX
00293.HK,HKEX
00294.HK,HKEX
00295.HK,HKEX
00296.HK,HKEX
00297.HK,HKEX
00298.HK,HKEX
00299.HK,HKEX
00300.HK,HKEX
00301.HK,HKEX
00302.HK,HKEX
00303.HK,HKEX
00305.HK,HKEX
00306.HK,HKEX
00308.HK,HKEX
00309.HK,HKEX
00310.HK,HKEX
00311.HK,HKEX
00312.HK,HKEX
00313.HK,HKEX
00314.HK,HKEX
00315.HK,HKEX
00316.HK,HKEX
00317.HK,HKEX
00318.HK,HKEX
00320.HK,HKEX
00321.HK,HKEX
00322.HK,HKEX
00323.HK,HKEX
00325.HK,HKEX
00326.HK,HKEX
00327.HK,HKEX
00328.HK,HKEX
00329.HK,HKEX
00330.HK,HKEX
00331.HK,HKEX
00332.HK,HKEX
00333.HK,HKEX
00334.HK,HKEX
00335.HK,HKEX
00336.HK,HKEX
00337.HK,HKEX
00338.HK,HKEX
00339.HK,HKEX
00340.HK,HKEX
00341.HK,HKEX
00343.HK,HKEX
00345.HK,HKEX
00346.HK,HKEX
00347.HK,HKEX
00348.HK,HKEX
00351.HK,HKEX
00352.HK,HKEX
00353.HK,HKEX
00354.HK,HKEX
00355.HK,HKEX
00356.HK,HKEX
00357.HK,HKEX
00358.HK,HKEX
00360.HK,HKEX
00361.HK,HKEX
00362.HK,HKEX
00363.HK,HKEX
00365.HK,HKEX
00366.HK,HKEX
00367.HK,HKEX
00368.HK,HKEX
00369.HK,HKEX
00370.HK,HKEX
00371.HK,HKEX
00372.HK,HKEX
00373.HK,HKEX
00374.HK,HKEX
00375.HK,HKEX
00376.HK,HKEX
00377.HK,HKEX
00379.HK,HKEX
00380.HK,HKEX
00381.HK,HKEX
00382.HK,HKEX
00383.HK,HKEX
00384.HK,HKEX
00385.HK,HKEX
00386.HK,HKEX
00387.HK,HKEX
00388.HK,HKEX
00389.HK,HKEX
00390.HK,HKEX
00391.HK,HKEX
00392.HK,HKEX
00393.HK,HKEX
00396.HK,HKEX
00397.HK,HKEX
00398.HK,HKEX
00399.HK,HKEX
00400.HK,HKEX
00401.HK,HKEX
00403.HK,HKEX
00406.HK,HKEX
00408.HK,HKEX
00410.HK,HKEX
00411.HK,HKEX
00412.HK,HKEX
00413.HK,HKEX
00417.HK,HKEX
00418.HK,HKEX
00419.HK,HKEX
00420.HK,HKEX
00422.HK,HKEX
00423.HK,HKEX
00425.HK,HKEX
00426.HK,HKEX
00428.HK,HKEX
00430.HK,HKEX
00431.HK,HKEX
00432.HK,HKEX
00433.HK,HKEX
00434.HK,HKEX
00436.HK,HKEX
00438.HK,HKEX
00439.HK,HKEX
00440.HK,HKEX
00442.HK,HKEX
00444.HK,HKEX
00450.HK,HKEX
00451.HK,HKEX
00455.HK,HKEX
00456.HK,HKEX
00458.HK,HKEX
00459.HK,HKEX
00460.HK,HKEX
00464.HK,HKEX
00465.HK,HKEX
00467.HK,HKEX
00468.HK,HKEX
00471.HK,HKEX
00472.HK,HKEX
00474.HK,HKEX
00475.HK,HKEX
00476.HK,HKEX
00480.HK,HKEX
00482.HK,HKEX
00483.HK,HKEX
00484.HK,HKEX
00485.HK,HKEX
00486.HK,HKEX
00487.HK,HKEX
00488.HK,HKEX
00489.HK,HKEX
00491.HK,HKEX
00493.HK,HKEX
00495.HK,HKEX
00496.HK,HKEX
00497.HK,HKEX
00498.HK,HKEX
00499.HK,HKEX
00500.HK,HKEX
00501.HK,HKEX
00505.HK,HKEX
00506.HK,HKEX
00508.HK,HKEX
00509.HK,HKEX
00510.HK,HKEX
00511.HK,HKEX
00512.HK,HKEX
00513.HK,HKEX
00515.HK,HKEX
00517.HK,HKEX
00518.HK,HKEX
00519.HK,HKEX
00520.HK,HKEX
00521.HK,HKEX
00522.HK,HKEX
00524.HK,HKEX
00525.HK,HKEX
00526.HK,HKEX
00527.HK,HKEX
00528.HK,HKEX
00529.HK,HKEX
00532.HK,HKEX
00533.HK,HKEX
00535.HK,HKEX
00536.HK,HKEX
00538.HK,HKEX
00540.HK,HKEX
00542.HK,HKEX
00543.HK,HKEX
00544.HK,HKEX
00546.HK,HKEX
00547.HK,HKEX
00548.HK,HKEX
00550.HK,HKEX
00551.HK,HKEX
00552.HK,HKEX
00553.HK,HKEX
00554.HK,HKEX
00556.HK,HKEX
00557.HK,HKEX
00558.HK,HKEX
00559.HK,HKEX
00560.HK,HKEX
00563.HK,HKEX
00564.HK,HKEX
00565.HK,HKEX
00567.HK,HKEX
00568.HK,HKEX
00570.HK,HKEX
00571.HK,HKEX
00572.HK,HKEX
00573.HK,HKEX
00574.HK,HKEX
00575.HK,HKEX
00576.HK,HKEX
00579.HK,HKEX
00580.HK,HKEX
00581.HK,HKEX
00582.HK,HKEX
00583.HK,HKEX
00585.HK,HKEX
00586.HK,HKEX
00587.HK,HKEX
00588.HK,HKEX
00590.HK,HKEX
00591.HK,HKEX
00595.HK,HKEX
00596.HK,HKEX
00598.HK,HKEX
00599.HK,HKEX
00601.HK,HKEX
00602.HK,HKEX
00603.HK,HKEX
00604.HK,HKEX
00605.HK,HKEX
00606.HK,HKEX
00607.HK,HKEX
00608.HK,HKEX
00609.HK,HKEX
00610.HK,HKEX
00611.HK,HKEX
00612.HK,HKEX
00613.HK,HKEX
00616.HK,HKEX
00617.HK,HKEX
00618.HK,HKEX
00619.HK,HKEX
00620.HK,HKEX
00621.HK,HKEX
00622.HK,HKEX
00623.HK,HKEX
00626.HK,HKEX
00627.HK,HKEX
00628.HK,HKEX
00629.HK,HKEX
00630.HK,HKEX
00631.HK,HKEX
00632.HK,HKEX
00635.HK,HKEX
00636.HK,HKEX
00637.HK,HKEX
00638.HK,HKEX
00639.HK,HKEX
00640.HK,HKEX
00641.HK,HKEX
00643.HK,HKEX
00645.HK,HKEX
00646.HK,HKEX
00648.HK,HKEX
00650.HK,HKEX
00653.HK,HKEX
00655.HK,HKEX
00656.HK,HKEX
00657.HK,HKEX
00658.HK,HKEX
00659.HK,HKEX
00660.HK,HKEX
00661.HK,HKEX
00662.HK,HKEX
00663.HK,HKEX
00666.HK,HKEX
00667.HK,HKEX
00669.HK,HKEX
00670.HK,HKEX
00672.HK,HKEX
00673.HK,HKEX
00674.HK,HKEX
00675.HK,HKEX
00676.HK,HKEX
00677.HK,HKEX
00679.HK,HKEX
00681.HK,HKEX
00682.HK,HKEX
00683.HK,HKEX
00684.HK,HKEX
00685.HK,HKEX
00686.HK,HKEX
00687.HK,HKEX
00688.HK,HKEX
00689.HK,HKEX
00690.HK,HKEX
00691.HK,HKEX
00693.HK,HKEX
00694.HK,HKEX
00695.HK,HKEX
00696.HK,HKEX
00697.HK,HKEX
00698.HK,HKEX
00699.HK,HKEX
00700.HK,HKEX
00701.HK,HKEX
00702.HK,HKEX
00703.HK,HKEX
00704.HK,HKEX
00707.HK,HKEX
00708.HK,HKEX
00709.HK,HKEX
00710.HK,HKEX
00711.HK,HKEX
00712.HK,HKEX
00713.HK,HKEX
00716.HK,HKEX
00717.HK,HKEX
00718.HK,HKEX
00719.HK,HKEX
00720.HK,HKEX
00721.HK,HKEX
00722.HK,HKEX
00723.HK,HKEX
00724.HK,HKEX
00725.HK,HKEX
00726.HK,HKEX
00727.HK,HKEX
00728.HK,HKEX
00730.HK,HKEX
00731.HK,HKEX
00732.HK,HKEX
00733.HK,HKEX
00736.HK,HKEX
00737.HK,HKEX
00738.HK,HKEX
00743.HK,HKEX
00745.HK,HKEX
00746.HK,HKEX
00747.HK,HKEX
00750.HK,HKEX
00751.HK,HKEX
00752.HK,HKEX
00753.HK,HKEX
00754.HK,HKEX
00755.HK,HKEX
00756.HK,HKEX
00757.HK,HKEX
00759.HK,HKEX
00760.HK,HKEX
00762.HK,HKEX
00763.HK,HKEX
00764.HK,HKEX
00765.HK,HKEX
00767.HK,HKEX
00768.HK,HKEX
00769.HK,HKEX
00770.HK,HKEX
00771.HK,HKEX
00772.HK,HKEX
00775.HK,HKEX
00776.HK,HKEX
00777.HK,HKEX
00780.HK,HKEX
00784.HK,HKEX
00788.HK,HKEX
00789.HK,HKEX
00794.HK,HKEX
00797.HK,HKEX
00798.HK,HKEX
00799.HK,HKEX
00800.HK,HKEX
00802.HK,HKEX
00804.HK,HKEX
00805.HK,HKEX
00806.HK,HKEX
00807.HK,HKEX
00809.HK,HKEX
00810.HK,HKEX
00811.HK,HKEX
00813.HK,HKEX
00814.HK,HKEX
00815.HK,HKEX
00816.HK,HKEX
00817.HK,HKEX
00818.HK,HKEX
00819.HK,HKEX
00821.HK,HKEX
00822.HK,HKEX
00825.HK,HKEX
00826.HK,HKEX
00827.HK,HKEX
00828.HK,HKEX
00829.HK,HKEX
00830.HK,HKEX
00831.HK,HKEX
00832.HK,HKEX
00833.HK,HKEX
00834.HK,HKEX
00836.HK,HKEX
00837.HK,HKEX
00838.HK,HKEX
00839.HK,HKEX
00840.HK,HKEX
00841.HK,HKEX
00842.HK,HKEX
00844.HK,HKEX
00845.HK,HKEX
00846.HK,HKEX
00848.HK,HKEX
00851.HK,HKEX
00852.HK,HKEX
00853.HK,HKEX
00854.HK,HKEX
00855.HK,HKEX
00856.HK,HKEX
00857.HK,HKEX
00858.HK,HKEX
00859.HK,HKEX
00860.HK,HKEX
00861.HK,HKEX
00862.HK,HKEX
00863.HK,HKEX
00864.HK,HKEX
00865.HK,HKEX
00866.HK,HKEX
00867.HK,HKEX
00868.HK,HKEX
00869.HK,HKEX
00871.HK,HKEX
00873.HK,HKEX
00874.HK,HKEX
00875.HK,HKEX
00876.HK,HKEX
00878.HK,HKEX
00880.HK,HKEX
00881.HK,HKEX
00882.HK,HKEX
00883.HK,HKEX
00884.HK,HKEX
00887.HK,HKEX
00888.HK,HKEX
00889.HK,HKEX
00893.HK,HKEX
00894.HK,HKEX
00895.HK,HKEX
00896.HK,HKEX
00897.HK,HKEX
00898.HK,HKEX
00899.HK,HKEX
00900.HK,HKEX
00902.HK,HKEX
00905.HK,HKEX
00907.HK,HKEX
00909.HK,HKEX
00910.HK,HKEX
00911.HK,HKEX
00912.HK,HKEX
00913.HK,HKEX
00914.HK,HKEX
00915.HK,HKEX
00916.HK,HKEX
00917.HK,HKEX
00918.HK,HKEX
00919.HK,HKEX
00921.HK,HKEX
00922.HK,HKEX
00923.HK,HKEX
00924.HK,HKEX
00926.HK,HKEX
00927.HK,HKEX
00928.HK,HKEX
00929.HK,HKEX
00931.HK,HKEX
00932.HK,HKEX
00933.HK,HKEX
00934.HK,HKEX
00936.HK,HKEX
00938.HK,HKEX
00939.HK,HKEX
00941.HK,HKEX
00943.HK,HKEX
00945.HK,HKEX
00947.HK,HKEX
00948.HK,HKEX
00950.HK,HKEX
00951.HK,HKEX
00952.HK,HKEX
00953.HK,HKEX
00954.HK,HKEX
00956.HK,HKEX
00959.HK,HKEX
00960.HK,HKEX
00966.HK,HKEX
00968.HK,HKEX
00969.HK,HKEX
00970.HK,HKEX
00974.HK,HKEX
00975.HK,HKEX
00976.HK,HKEX
00978.HK,HKEX
00979.HK,HKEX
00980.HK,HKEX
00981.HK,HKEX
00983.HK,HKEX
00984.HK,HKEX
00986.HK,HKEX
00987.HK,HKEX
00989.HK,HKEX
00990.HK,HKEX
00991.HK,HKEX
00992.HK,HKEX
00993.HK,HKEX
00994.HK,HKEX
00995.HK,HKEX
00997.HK,HKEX
00998.HK,HKEX
00999.HK,HKEX
01000.HK,HKEX
01001.HK,HKEX
01002.HK,HKEX
01003.HK,HKEX
01004.HK,HKEX
01005.HK,HKEX
01007.HK,HKEX
01008.HK,HKEX
01009.HK,HKEX
01010.HK,HKEX
01011.HK,HKEX
01013.HK,HKEX
01020.HK,HKEX
01022.HK,HKEX
01023.HK,HKEX
01024.HK,HKEX
01025.HK,HKEX
01026.HK,HKEX
01027.HK,HKEX
01028.HK,HKEX
01029.HK,HKEX
01030.HK,HKEX
01033.HK,HKEX
01036.HK,HKEX
01037.HK,HKEX
01038.HK,HKEX
01039.HK,HKEX
01044.HK,HKEX
01045.HK,HKEX
01046.HK,HKEX
01047.HK,HKEX
01049.HK,HKEX
01050.HK,HKEX
01051.HK,HKEX
01052.HK,HKEX
01053.HK,HKEX
01055.HK,HKEX
01057.HK,HKEX
01058.HK,HKEX
01059.HK,HKEX
01060.HK,HKEX
01061.HK,HKEX
01062.HK,HKEX
01063.HK,HKEX
01064.HK,HKEX
01065.HK,HKEX
01066.HK,HKEX
01068.HK,HKEX
01069.HK,HKEX
01070.HK,HKEX
01071.HK,HKEX
01072.HK,HKEX
01073.HK,HKEX
01075.HK,HKEX
01079.HK,HKEX
01080.HK,HKEX
01082.HK,HKEX
01083.HK,HKEX
01084.HK,HKEX
01085.HK,HKEX
01086.HK,HKEX
01087.HK,HKEX
01088.HK,HKEX
01090.HK,HKEX
01091.HK,HKEX
01093.HK,HKEX
01094.HK,HKEX
01097.HK,HKEX
01098.HK,HKEX
01099.HK,HKEX
01100.HK,HKEX
01101.HK,HKEX
01102.HK,HKEX
01104.HK,HKEX
01105.HK,HKEX
01107.HK,HKEX
01108.HK,HKEX
01109.HK,HKEX
01110.HK,HKEX
01111.HK,HKEX
01112.HK,HKEX
01113.HK,HKEX
01114.HK,HKEX
01115.HK,HKEX
01116.HK,HKEX
01117.HK,HKEX
01118.HK,HKEX
01119.HK,HKEX
01120.HK,HKEX
01121.HK,HKEX
01122.HK,HKEX
01123.HK,HKEX
01124.HK,HKEX
01125.HK,HKEX
01126.HK,HKEX
01127.HK,HKEX
01128.HK,HKEX
01129.HK,HKEX
01130.HK,HKEX
01132.HK,HKEX
01133.HK,HKEX
01134.HK,HKEX
01137.HK,HKEX
01138.HK,HKEX
01140.HK,HKEX
01141.HK,HKEX
01142.HK,HKEX
01143.HK,HKEX
01145.HK,HKEX
01146.HK,HKEX
01147.HK,HKEX
01148.HK,HKEX
01150.HK,HKEX
01152.HK,HKEX
01153.HK,HKEX
01156.HK,HKEX
01157.HK,HKEX
01159.HK,HKEX
01160.HK,HKEX
01161.HK,HKEX
01162.HK,HKEX
01163.HK,HKEX
01164.HK,HKEX
01165.HK,HKEX
01166.HK,HKEX
01167.HK,HKEX
01168.HK,HKEX
01170.HK,HKEX
01171.HK,HKEX
01172.HK,HKEX
01173.HK,HKEX
01176.HK,HKEX
01177.HK,HKEX
01179.HK,HKEX
01180.HK,HKEX
01181.HK,HKEX
01182.HK,HKEX
01183.HK,HKEX
01184.HK,HKEX
01186.HK,HKEX
01188.HK,HKEX
01189.HK,HKEX
01193.HK,HKEX
01195.HK,HKEX
01196.HK,HKEX
01198.HK,HKEX
01199.HK,HKEX
01200.HK,HKEX
01201.HK,HKEX
01202.HK,HKEX
01203.HK,HKEX
01204.HK,HKEX
01205.HK,HKEX
01206.HK,HKEX
01208.HK,HKEX
01209.HK,HKEX
01211.HK,HKEX
01213.HK,HKEX
01215.HK,HKEX
01216.HK,HKEX
01217.HK,HKEX
01218.HK,HKEX
01220.HK,HKEX
01221.HK,HKEX
01222.HK,HKEX
01223.HK,HKEX
01224.HK,HKEX
01225.HK,HKEX
01226.HK,HKEX
01228.HK,HKEX
01229.HK,HKEX
01231.HK,HKEX
01232.HK,HKEX
01233.HK,HKEX
01234.HK,HKEX
01235.HK,HKEX
01237.HK,HKEX
01238.HK,HKEX
01239.HK,HKEX
01240.HK,HKEX
01241.HK,HKEX
01243.HK,HKEX
01244.HK,HKEX
01245.HK,HKEX
01246.HK,HKEX
01247.HK,HKEX
01250.HK,HKEX
01251.HK,HKEX
01252.HK,HKEX
01253.HK,HKEX
01255.HK,HKEX
01257.HK,HKEX
01258.HK,HKEX
01259.HK,HKEX
01260.HK,HKEX
01262.HK,HKEX
01265.HK,HKEX
01268.HK,HKEX
01269.HK,HKEX
01270.HK,HKEX
01271.HK,HKEX
01272.HK,HKEX
01273.HK,HKEX
01274.HK,HKEX
01276.HK,HKEX
01277.HK,HKEX
01278.HK,HKEX
01280.HK,HKEX
01281.HK,HKEX
01282.HK,HKEX
01283.HK,HKEX
01284.HK,HKEX
01285.HK,HKEX
01286.HK,HKEX
01288.HK,HKEX
01289.HK,HKEX
01290.HK,HKEX
01292.HK,HKEX
01293.HK,HKEX
01298.HK,HKEX
01299.HK,HKEX
01300.HK,HKEX
01301.HK,HKEX
01302.HK,HKEX
01303.HK,HKEX
01304.HK,HKEX
01305.HK,HKEX
01308.HK,HKEX
01310.HK,HKEX
01312.HK,HKEX
01313.HK,HKEX
01314.HK,HKEX
01315.HK,HKEX
01316.HK,HKEX
01317.HK,HKEX
01318.HK,HKEX
01319.HK,HKEX
01321.HK,HKEX
01323.HK,HKEX
01326.HK,HKEX
01327.HK,HKEX
01328.HK,HKEX
01330.HK,HKEX
01332.HK,HKEX
01333.HK,HKEX
01334.HK,HKEX
01335.HK,HKEX
01336.HK,HKEX
01338.HK,HKEX
01339.HK,HKEX
01340.HK,HKEX
01341.HK,HKEX
01343.HK,HKEX
01345.HK,HKEX
01346.HK,HKEX
01347.HK,HKEX
01348.HK,HKEX
01349.HK,HKEX
01351.HK,HKEX
01354.HK,HKEX
01355.HK,HKEX
01357.HK,HKEX
01358.HK,HKEX
01359.HK,HKEX
01361.HK,HKEX
01362.HK,HKEX
01364.HK,HKEX
01368.HK,HKEX
01370.HK,HKEX
01371.HK,HKEX
01372.HK,HKEX
01373.HK,HKEX
01375.HK,HKEX
01376.HK,HKEX
01378.HK,HKEX
01379.HK,HKEX
01380.HK,HKEX
01382.HK,HKEX
01384.HK,HKEX
01385.HK,HKEX
01388.HK,HKEX
01389.HK,HKEX
01393.HK,HKEX
01395.HK,HKEX
01396.HK,HKEX
01397.HK,HKEX
01398.HK,HKEX
01399.HK,HKEX
01400.HK,HKEX
01401.HK,HKEX
01402.HK,HKEX
01405.HK,HKEX
01406.HK,HKEX
01407.HK,HKEX
01408.HK,HKEX
01410.HK,HKEX
01412.HK,HKEX
01413.HK,HKEX
01415.HK,HKEX
01416.HK,HKEX
01417.HK,HKEX
01418.HK,HKEX
01419.HK,HKEX
01420.HK,HKEX
01421.HK,HKEX
01425.HK,HKEX
01427.HK,HKEX
01428.HK,HKEX
01429.HK,HKEX
01431.HK,HKEX
01432.HK,HKEX
01433.HK,HKEX
01440.HK,HKEX
01442.HK,HKEX
01443.HK,HKEX
01446.HK,HKEX
01447.HK,HKEX
01448.HK,HKEX
01449.HK,HKEX
01450.HK,HKEX
01451.HK,HKEX
01452.HK,HKEX
01455.HK,HKEX
01456.HK,HKEX
01458.HK,HKEX
01459.HK,HKEX
01460.HK,HKEX
01461.HK,HKEX
01463.HK,HKEX
01466.HK,HKEX
01468.HK,HKEX
01470.HK,HKEX
01471.HK,HKEX
01472.HK,HKEX
01473.HK,HKEX
01475.HK,HKEX
01476.HK,HKEX
01477.HK,HKEX
01478.HK,HKEX
01480.HK,HKEX
01481.HK,HKEX
01483.HK,HKEX
01486.HK,HKEX
01488.HK,HKEX
01489.HK,HKEX
01490.HK,HKEX
01495.HK,HKEX
01496.HK,HKEX
01497.HK,HKEX
01498.HK,HKEX
01499.HK,HKEX
01500.HK,HKEX
01501.HK,HKEX
01502.HK,HKEX
01508.HK,HKEX
01513.HK,HKEX
01515.HK,HKEX
01516.HK,HKEX
01518.HK,HKEX
01519.HK,HKEX
01520.HK,HKEX
01521.HK,HKEX
01522.HK,HKEX
01523.HK,HKEX
01525.HK,HKEX
01526.HK,HKEX
01527.HK,HKEX
01528.HK,HKEX
01529.HK,HKEX
01530.HK,HKEX
01532.HK,HKEX
01536.HK,HKEX
01538.HK,HKEX
01539.HK,HKEX
01540.HK,HKEX
01541.HK,HKEX
01542.HK,HKEX
01543.HK,HKEX
01545.HK,HKEX
01546.HK,HKEX
01547.HK,HKEX
01548.HK,HKEX
01549.HK,HKEX
01551.HK,HKEX
01552.HK,HKEX
01553.HK,HKEX
01555.HK,HKEX
01556.HK,HKEX
01557.HK,HKEX
01559.HK,HKEX
01560.HK,HKEX
01561.HK,HKEX
01563.HK,HKEX
01565.HK,HKEX
01566.HK,HKEX
01568.HK,HKEX
01569.HK,HKEX
01570.HK,HKEX
01571.HK,HKEX
01572.HK,HKEX
01575.HK,HKEX
01576.HK,HKEX
01577.HK,HKEX
01578.HK,HKEX
01579.HK,HKEX
01580.HK,HKEX
01581.HK,HKEX
01582.HK,HKEX
01583.HK,HKEX
01585.HK,HKEX
01586.HK,HKEX
01587.HK,HKEX
01588.HK,HKEX
01591.HK,HKEX
01592.HK,HKEX
01593.HK,HKEX
01596.HK,HKEX
01597.HK,HKEX
01598.HK,HKEX
01599.HK,HKEX
01600.HK,HKEX
01601.HK,HKEX
01606.HK,HKEX
01608.HK,HKEX
01610.HK,HKEX
01611.HK,HKEX
01612.HK,HKEX
01613.HK,HKEX
01615.HK,HKEX
01616.HK,HKEX
01617.HK,HKEX
01618.HK,HKEX
01620.HK,HKEX
01621.HK,HKEX
01622.HK,HKEX
01623.HK,HKEX
01626.HK,HKEX
01627.HK,HKEX
01628.HK,HKEX
01629.HK,HKEX
01630.HK,HKEX
01631.HK,HKEX
01632.HK,HKEX
01633.HK,HKEX
01635.HK,HKEX
01636.HK,HKEX
01637.HK,HKEX
01638.HK,HKEX
01640.HK,HKEX
01641.HK,HKEX
01643.HK,HKEX
01645.HK,HKEX
01647.HK,HKEX
01650.HK,HKEX
01651.HK,HKEX
01652.HK,HKEX
01653.HK,HKEX
01655.HK,HKEX
01656.HK,HKEX
01657.HK,HKEX
01658.HK,HKEX
01660.HK,HKEX
01661.HK,HKEX
01662.HK,HKEX
01663.HK,HKEX
01666.HK,HKEX
01667.HK,HKEX
01668.HK,HKEX
01669.HK,HKEX
01671.HK,HKEX
01672.HK,HKEX
01673.HK,HKEX
01675.HK,HKEX
01676.HK,HKEX
01679.HK,HKEX
01680.HK,HKEX
01681.HK,HKEX
01682.HK,HKEX
01683.HK,HKEX
01685.HK,HKEX
01686.HK,HKEX
01689.HK,HKEX
01690.HK,HKEX
01691.HK,HKEX
01692.HK,HKEX
01693.HK,HKEX
01695.HK,HKEX
01696.HK,HKEX
01697.HK,HKEX
01698.HK,HKEX
01701.HK,HKEX
01702.HK,HKEX
01703.HK,HKEX
01705.HK,HKEX
01707.HK,HKEX
01708.HK,HKEX
01709.HK,HKEX
01710.HK,HKEX
01711.HK,HKEX
01712.HK,HKEX
01713.HK,HKEX
01715.HK,HKEX
01716.HK,HKEX
01717.HK,HKEX
01718.HK,HKEX
01719.HK,HKEX
01720.HK,HKEX
01721.HK,HKEX
01722.HK,HKEX
01723.HK,HKEX
01725.HK,HKEX
01726.HK,HKEX
01727.HK,HKEX
01728.HK,HKEX
01729.HK,HKEX
01731.HK,HKEX
01732.HK,HKEX
01733.HK,HKEX
01735.HK,HKEX
01736.HK,HKEX
01737.HK,HKEX
01738.HK,HKEX
01739.HK,HKEX
01740.HK,HKEX
01741.HK,HKEX
01742.HK,HKEX
01745.HK,HKEX
01746.HK,HKEX
01747.HK,HKEX
01748.HK,HKEX
01749.HK,HKEX
01750.HK,HKEX
01751.HK,HKEX
01752.HK,HKEX
01753.HK,HKEX
01755.HK,HKEX
01756.HK,HKEX
01757.HK,HKEX
01758.HK,HKEX
01759.HK,HKEX
01760.HK,HKEX
01762.HK,HKEX
01763.HK,HKEX
01765.HK,HKEX
01766.HK,HKEX
01767.HK,HKEX
01768.HK,HKEX
01769.HK,HKEX
01771.HK,HKEX
01772.HK,HKEX
01773.HK,HKEX
01775.HK,HKEX
01776.HK,HKEX
01777.HK,HKEX
01778.HK,HKEX
01780.HK,HKEX
01782.HK,HKEX
01783.HK,HKEX
01785.HK,HKEX
01786.HK,HKEX
01787.HK,HKEX
01788.HK,HKEX
01789.HK,HKEX
01790.HK,HKEX
01792.HK,HKEX
01793.HK,HKEX
01795.HK,HKEX
01796.HK,HKEX
01797.HK,HKEX
01798.HK,HKEX
01799.HK,HKEX
01800.HK,HKEX
01801.HK,HKEX
01802.HK,HKEX
01803.HK,HKEX
01808.HK,HKEX
01809.HK,HKEX
01810.HK,HKEX
01811.HK,HKEX
01812.HK,HKEX
01813.HK,HKEX
01815.HK,HKEX
01816.HK,HKEX
01817.HK,HKEX
01818.HK,HKEX
01820.HK,HKEX
01822.HK,HKEX
01823.HK,HKEX
01825.HK,HKEX
01826.HK,HKEX
01827.HK,HKEX
01828.HK,HKEX
01830.HK,HKEX
01831.HK,HKEX
01832.HK,HKEX
01833.HK,HKEX
01835.HK,HKEX
01836.HK,HKEX
01837.HK,HKEX
01841.HK,HKEX
01842.HK,HKEX
01843.HK,HKEX
01845.HK,HKEX
01846.HK,HKEX
01847.HK,HKEX
01848.HK,HKEX
01849.HK,HKEX
01850.HK,HKEX
01851.HK,HKEX
01853.HK,HKEX
01854.HK,HKEX
01855.HK,HKEX
01856.HK,HKEX
01857.HK,HKEX
01858.HK,HKEX
01860.HK,HKEX
01861.HK,HKEX
01862.HK,HKEX
01863.HK,HKEX
01865.HK,HKEX
01866.HK,HKEX
01867.HK,HKEX
01868.HK,HKEX
01869.HK,HKEX
01870.HK,HKEX
01871.HK,HKEX
01872.HK,HKEX
01873.HK,HKEX
01875.HK,HKEX
01876.HK,HKEX
01877.HK,HKEX
01878.HK,HKEX
01880.HK,HKEX
01882.HK,HKEX
01883.HK,HKEX
01884.HK,HKEX
01888.HK,HKEX
01889.HK,HKEX
01890.HK,HKEX
01891.HK,HKEX
01894.HK,HKEX
01895.HK,HKEX
01896.HK,HKEX
01897.HK,HKEX
01898.HK,HKEX
01899.HK,HKEX
01900.HK,HKEX
01901.HK,HKEX
01903.HK,HKEX
01905.HK,HKEX
01906.HK,HKEX
01907.HK,HKEX
01908.HK,HKEX
01909.HK,HKEX
01910.HK,HKEX
01911.HK,HKEX
01912.HK,HKEX
01913.HK,HKEX
01915.HK,HKEX
01916.HK,HKEX
01917.HK,HKEX
01918.HK,HKEX
01919.HK,HKEX
01920.HK,HKEX
01921.HK,HKEX
01922.HK,HKEX
01925.HK,HKEX
01927.HK,HKEX
01928.HK,HKEX
01929.HK,HKEX
01930.HK,HKEX
01931.HK,HKEX
01932.HK,HKEX
01933.HK,HKEX
01935.HK,HKEX
01936.HK,HKEX
01937.HK,HKEX
01938.HK,HKEX
01939.HK,HKEX
01940.HK,HKEX
01941.HK,HKEX
01942.HK,HKEX
01943.HK,HKEX
01945.HK,HKEX
01947.HK,HKEX
01948.HK,HKEX
01949.HK,HKEX
01950.HK,HKEX
01951.HK,HKEX
01952.HK,HKEX
01953.HK,HKEX
01955.HK,HKEX
01957.HK,HKEX
01958.HK,HKEX
01959.HK,HKEX
01960.HK,HKEX
01961.HK,HKEX
01962.HK,HKEX
01963.HK,HKEX
01965.HK,HKEX
01966.HK,HKEX
01967.HK,HKEX
01968.HK,HKEX
01969.HK,HKEX
01970.HK,HKEX
01971.HK,HKEX
01972.HK,HKEX
01973.HK,HKEX
01975.HK,HKEX
01977.HK,HKEX
01978.HK,HKEX
01979.HK,HKEX
01980.HK,HKEX
01981.HK,HKEX
01982.HK,HKEX
01983.HK,HKEX
01985.HK,HKEX
01986.HK,HKEX
01987.HK,HKEX
01988.HK,HKEX
01991.HK,HKEX
01993.HK,HKEX
01995.HK,HKEX
01996.HK,HKEX
01997.HK,HKEX
01999.HK,HKEX
02000.HK,HKEX
02001.HK,HKEX
02002.HK,HKEX
02003.HK,HKEX
02005.HK,HKEX
02007.HK,HKEX
02008.HK,HKEX
02009.HK,HKEX
02011.HK,HKEX
02012.HK,HKEX
02013.HK,HKEX
02015.HK,HKEX
02016.HK,HKEX
02017.HK,HKEX
02018.HK,HKEX
02020.HK,HKEX
02022.HK,HKEX
02023.HK,HKEX
02025.HK,HKEX
02026.HK,HKEX
02028.HK,HKEX
02030.HK,HKEX
02031.HK,HKEX
02033.HK,HKEX
02038.HK,HKEX
02039.HK,HKEX
02048.HK,HKEX
02050.HK,HKEX
02051.HK,HKEX
02057.HK,HKEX
02068.HK,HKEX
02076.HK,HKEX
02078.HK,HKEX
02080.HK,HKEX
02086.HK,HKEX
02088.HK,HKEX
02096.HK,HKEX
02097.HK,HKEX
02098.HK,HKEX
02099.HK,HKEX
02100.HK,HKEX
02101.HK,HKEX
02102.HK,HKEX
02105.HK,HKEX
02107.HK,HKEX
02108.HK,HKEX
02110.HK,HKEX
02111.HK,HKEX
02112.HK,HKEX
02113.HK,HKEX
02116.HK,HKEX
02119.HK,HKEX
02120.HK,HKEX
02121.HK,HKEX
02122.HK,HKEX
02125.HK,HKEX
02126.HK,HKEX
02127.HK,HKEX
02128.HK,HKEX
02129.HK,HKEX
02130.HK,HKEX
02131.HK,HKEX
02132.HK,HKEX
02135.HK,HKEX
02136.HK,HKEX
02137.HK,HKEX
02138.HK,HKEX
02139.HK,HKEX
02142.HK,HKEX
02145.HK,HKEX
02146.HK,HKEX
02147.HK,HKEX
02149.HK,HKEX
02150.HK,HKEX
02152.HK,HKEX
02153.HK,HKEX
02155.HK,HKEX
02156.HK,HKEX
02157.HK,HKEX
02158.HK,HKEX
02159.HK,HKEX
02160.HK,HKEX
02161.HK,HKEX
02162.HK,HKEX
02163.HK,HKEX
02165.HK,HKEX
02166.HK,HKEX
02167.HK,HKEX
02168.HK,HKEX
02169.HK,HKEX
02170.HK,HKEX
02171.HK,HKEX
02172.HK,HKEX
02175.HK,HKEX
02176.HK,HKEX
02177.HK,HKEX
02178.HK,HKEX
02179.HK,HKEX
02180.HK,HKEX
02181.HK,HKEX
02182.HK,HKEX
02185.HK,HKEX
02186.HK,HKEX
02187.HK,HKEX
02188.HK,HKEX
02189.HK,HKEX
02190.HK,HKEX
02192.HK,HKEX
02193.HK,HKEX
02195.HK,HKEX
02196.HK,HKEX
02197.HK,HKEX
02198.HK,HKEX
02199.HK,HKEX
02202.HK,HKEX
02203.HK,HKEX
02205.HK,HKEX
02208.HK,HKEX
02209.HK,HKEX
02210.HK,HKEX
02211.HK,HKEX
02212.HK,HKEX
02215.HK,HKEX
02216.HK,HKEX
02218.HK,HKEX
02219.HK,HKEX
02221.HK,HKEX
02222.HK,HKEX
02223.HK,HKEX
02225.HK,HKEX
02226.HK,HKEX
02227.HK,HKEX
02228.HK,HKEX
02230.HK,HKEX
02231.HK,HKEX
02232.HK,HKEX
02233.HK,HKEX
02235.HK,HKEX
02236.HK,HKEX
02237.HK,HKEX
02238.HK,HKEX
02239.HK,HKEX
02245.HK,HKEX
02246.HK,HKEX
02250.HK,HKEX
02251.HK,HKEX
02252.HK,HKEX
02255.HK,HKEX
02256.HK,HKEX
02257.HK,HKEX
02258.HK,HKEX
02259.HK,HKEX
02260.HK,HKEX
02262.HK,HKEX
02263.HK,HKEX
02265.HK,HKEX
02266.HK,HKEX
02268.HK,HKEX
02269.HK,HKEX
02270.HK,HKEX
02271.HK,HKEX
02273.HK,HKEX
02276.HK,HKEX
02279.HK,HKEX
02280.HK,HKEX
02281.HK,HKEX
02282.HK,HKEX
02283.HK,HKEX
02285.HK,HKEX
02286.HK,HKEX
02288.HK,HKEX
02289.HK,HKEX
02291.HK,HKEX
02293.HK,HKEX
02295.HK,HKEX
02297.HK,HKEX
02298.HK,HKEX
02299.HK,HKEX
02302.HK,HKEX
02306.HK,HKEX
02307.HK,HKEX
02309.HK,HKEX
02310.HK,HKEX
02312.HK,HKEX
02313.HK,HKEX
02314.HK,HKEX
02315.HK,HKEX
02317.HK,HKEX
02318.HK,HKEX
02319.HK,HKEX
02320.HK,HKEX
02321.HK,HKEX
02322.HK,HKEX
02323.HK,HKEX
02324.HK,HKEX
02325.HK,HKEX
02326.HK,HKEX
02327.HK,HKEX
02328.HK,HKEX
02329.HK,HKEX
02330.HK,HKEX
02331.HK,HKEX
02333.HK,HKEX
02336.HK,HKEX
02337.HK,HKEX
02338.HK,HKEX
02339.HK,HKEX
02340.HK,HKEX
02342.HK,HKEX
02343.HK,HKEX
02347.HK,HKEX
02348.HK,HKEX
02349.HK,HKEX
02350.HK,HKEX
02352.HK,HKEX
02355.HK,HKEX
02356.HK,HKEX
02357.HK,HKEX
02358.HK,HKEX
02359.HK,HKEX
02360.HK,HKEX
02361.HK,HKEX
02362.HK,HKEX
02363.HK,HKEX
02367.HK,HKEX
02368.HK,HKEX
02369.HK,HKEX
02370.HK,HKEX
02371.HK,HKEX
02372.HK,HKEX
02373.HK,HKEX
02376.HK,HKEX
02377.HK,HKEX
02378.HK,HKEX
02380.HK,HKEX
02381.HK,HKEX
02382.HK,HKEX
02383.HK,HKEX
02385.HK,HKEX
02386.HK,HKEX
02388.HK,HKEX
02389.HK,HKEX
02390.HK,HKEX
02391.HK,HKEX
02392.HK,HKEX
02393.HK,HKEX
02396.HK,HKEX
02399.HK,HKEX
02400.HK,HKEX
02402.HK,HKEX
02405.HK,HKEX
02407.HK,HKEX
02408.HK,HKEX
02409.HK,HKEX
02410.HK,HKEX
02411.HK,HKEX
02415.HK,HKEX
02416.HK,HKEX
02418.HK,HKEX
02419.HK,HKEX
02420.HK,HKEX
02421.HK,HKEX
02422.HK,HKEX
02423.HK,HKEX
02425.HK,HKEX
02427.HK,HKEX
02429.HK,HKEX
02431.HK,HKEX
02432.HK,HKEX
02433.HK,HKEX
02436.HK,HKEX
02438.HK,HKEX
02439.HK,HKEX
02440.HK,HKEX
02442.HK,HKEX
02443.HK,HKEX
02448.HK,HKEX
02450.HK,HKEX
02451.HK,HKEX
02453.HK,HKEX
02455.HK,HKEX
02457.HK,HKEX
02458.HK,HKEX
02459.HK,HKEX
02460.HK,HKEX
02465.HK,HKEX
02469.HK,HKEX
02473.HK,HKEX
02477.HK,HKEX
02479.HK,HKEX
02480.HK,HKEX
02481.HK,HKEX
02482.HK,HKEX
02483.HK,HKEX
02486.HK,HKEX
02487.HK,HKEX
02488.HK,HKEX
02489.HK,HKEX
02490.HK,HKEX
02495.HK,HKEX
02496.HK,HKEX
02497.HK,HKEX
02498.HK,HKEX
02499.HK,HKEX
02500.HK,HKEX
02501.HK,HKEX
02502.HK,HKEX
02503.HK,HKEX
02505.HK,HKEX
02506.HK,HKEX
02507.HK,HKEX
02508.HK,HKEX
02509.HK,HKEX
02510.HK,HKEX
02511.HK,HKEX
02512.HK,HKEX
02513.HK,HKEX
02515.HK,HKEX
02516.HK,HKEX
02517.HK,HKEX
02518.HK,HKEX
02519.HK,HKEX
02520.HK,HKEX
02521.HK,HKEX
02522.HK,HKEX
02525.HK,HKEX
02528.HK,HKEX
02529.HK,HKEX
02530.HK,HKEX
02531.HK,HKEX
02533.HK,HKEX
02535.HK,HKEX
02536.HK,HKEX
02539.HK,HKEX
02540.HK,HKEX
02543.HK,HKEX
02545.HK,HKEX
02546.HK,HKEX
02549.HK,HKEX
02550.HK,HKEX
02551.HK,HKEX
02552.HK,HKEX
02555.HK,HKEX
02556.HK,HKEX
02558.HK,HKEX
02559.HK,HKEX
02560.HK,HKEX
02561.HK,HKEX
02562.HK,HKEX
02563.HK,HKEX
02565.HK,HKEX
02566.HK,HKEX
02567.HK,HKEX
02569.HK,HKEX
02570.HK,HKEX
02571.HK,HKEX
02573.HK,HKEX
02575.HK,HKEX
02576.HK,HKEX
02577.HK,HKEX
02579.HK,HKEX
02580.HK,HKEX
02581.HK,HKEX
02582.HK,HKEX
02583.HK,HKEX
02585.HK,HKEX
02586.HK,HKEX
02587.HK,HKEX
02588.HK,HKEX
02589.HK,HKEX
02590.HK,HKEX
02591.HK,HKEX
02592.HK,HKEX
02593.HK,HKEX
02595.HK,HKEX
02596.HK,HKEX
02597.HK,HKEX
02598.HK,HKEX
02600.HK,HKEX
02601.HK,HKEX
02602.HK,HKEX
02603.HK,HKEX
02605.HK,HKEX
02607.HK,HKEX
02608.HK,HKEX
02609.HK,HKEX
02610.HK,HKEX
02611.HK,HKEX
02613.HK,HKEX
02616.HK,HKEX
02617.HK,HKEX
02618.HK,HKEX
02619.HK,HKEX
02621.HK,HKEX
02623.HK,HKEX
02625.HK,HKEX
02627.HK,HKEX
02628.HK,HKEX
02629.HK,HKEX
02630.HK,HKEX
02631.HK,HKEX
02633.HK,HKEX
02635.HK,HKEX
02637.HK,HKEX
02638.HK,HKEX
02643.HK,HKEX
02648.HK,HKEX
02650.HK,HKEX
02651.HK,HKEX
02652.HK,HKEX
02655.HK,HKEX
02656.HK,HKEX
02657.HK,HKEX
02658.HK,HKEX
02659.HK,HKEX
02660.HK,HKEX
02661.HK,HKEX
02663.HK,HKEX
02665.HK,HKEX
02666.HK,HKEX
02668.HK,HKEX
02669.HK,HKEX
02670.HK,HKEX
02671.HK,HKEX
02675.HK,HKEX
02676.HK,HKEX
02678.HK,HKEX
02680.HK,HKEX
02682.HK,HKEX
02683.HK,HKEX
02685.HK,HKEX
02687.HK,HKEX
02688.HK,HKEX
02689.HK,HKEX
02691.HK,HKEX
02693.HK,HKEX
02695.HK,HKEX
02696.HK,HKEX
02698.HK,HKEX
02699.HK,HKEX
02700.HK,HKEX
02718.HK,HKEX
02722.HK,HKEX
02727.HK,HKEX
02728.HK,HKEX
02738.HK,HKEX
02772.HK,HKEX
02777.HK,HKEX
02779.HK,HKEX
02788.HK,HKEX
02789.HK,HKEX
02798.HK,HKEX
02799.HK,HKEX
02858.HK,HKEX
02863.HK,HKEX
02865.HK,HKEX
02866.HK,HKEX
02869.HK,HKEX
02877.HK,HKEX
02878.HK,HKEX
02880.HK,HKEX
02881.HK,HKEX
02882.HK,HKEX
02883.HK,HKEX
02885.HK,HKEX
02886.HK,HKEX
02888.HK,HKEX
02889.HK,HKEX
02892.HK,HKEX
02898.HK,HKEX
02899.HK,HKEX
02900.HK,HKEX
02981.HK,HKEX
02982.HK,HKEX
02998.HK,HKEX
03288.HK,HKEX
03300.HK,HKEX
03301.HK,HKEX
03302.HK,HKEX
03303.HK,HKEX
03306.HK,HKEX
03309.HK,HKEX
03311.HK,HKEX
03313.HK,HKEX
03315.HK,HKEX
03316.HK,HKEX
03317.HK,HKEX
03318.HK,HKEX
03319.HK,HKEX
03320.HK,HKEX
03321.HK,HKEX
03322.HK,HKEX
03323.HK,HKEX
03328.HK,HKEX
03329.HK,HKEX
03330.HK,HKEX
03332.HK,HKEX
03336.HK,HKEX
03337.HK,HKEX
03339.HK,HKEX
03347.HK,HKEX
03348.HK,HKEX
03360.HK,HKEX
03363.HK,HKEX
03366.HK,HKEX
03368.HK,HKEX
03369.HK,HKEX
03377.HK,HKEX
03378.HK,HKEX
03380.HK,HKEX
03382.HK,HKEX
03383.HK,HKEX
03389.HK,HKEX
03390.HK,HKEX
03393.HK,HKEX
03395.HK,HKEX
03396.HK,HKEX
03398.HK,HKEX
03399.HK,HKEX
03600.HK,HKEX
03601.HK,HKEX
03603.HK,HKEX
03606.HK,HKEX
03613.HK,HKEX
03616.HK,HKEX
03618.HK,HKEX
03623.HK,HKEX
03626.HK,HKEX
03628.HK,HKEX
03633.HK,HKEX
03636.HK,HKEX
03638.HK,HKEX
03639.HK,HKEX
03650.HK,HKEX
03658.HK,HKEX
03660.HK,HKEX
03662.HK,HKEX
03666.HK,HKEX
03668.HK,HKEX
03669.HK,HKEX
03677.HK,HKEX
03678.HK,HKEX
03680.HK,HKEX
03681.HK,HKEX
03683.HK,HKEX
03686.HK,HKEX
03688.HK,HKEX
03689.HK,HKEX
03690.HK,HKEX
03692.HK,HKEX
03696.HK,HKEX
03698.HK,HKEX
03699.HK,HKEX
03700.HK,HKEX
03708.HK,HKEX
03709.HK,HKEX
03718.HK,HKEX
03728.HK,HKEX
03737.HK,HKEX
03738.HK,HKEX
03750.HK,HKEX
03759.HK,HKEX
03768.HK,HKEX
03773.HK,HKEX
03778.HK,HKEX
03788.HK,HKEX
03789.HK,HKEX
03798.HK,HKEX
03800.HK,HKEX
03808.HK,HKEX
03813.HK,HKEX
03816.HK,HKEX
03818.HK,HKEX
03822.HK,HKEX
03828.HK,HKEX
03830.HK,HKEX
03833.HK,HKEX
03836.HK,HKEX
03838.HK,HKEX
03839.HK,HKEX
03848.HK,HKEX
03858.HK,HKEX
03860.HK,HKEX
03866.HK,HKEX
03868.HK,HKEX
03869.HK,HKEX
03877.HK,HKEX
03878.HK,HKEX
03880.HK,HKEX
03881.HK,HKEX
03882.HK,HKEX
03883.HK,HKEX
03886.HK,HKEX
03887.HK,HKEX
03888.HK,HKEX
03889.HK,HKEX
03893.HK,HKEX
03896.HK,HKEX
03898.HK,HKEX
03899.HK,HKEX
03900.HK,HKEX
03903.HK,HKEX
03908.HK,HKEX
03913.HK,HKEX
03918.HK,HKEX
03919.HK,HKEX
03928.HK,HKEX
03931.HK,HKEX
03933.HK,HKEX
03938.HK,HKEX
03939.HK,HKEX
03958.HK,HKEX
03963.HK,HKEX
03968.HK,HKEX
03969.HK,HKEX
03978.HK,HKEX
03983.HK,HKEX
03986.HK,HKEX
03988.HK,HKEX
03989.HK,HKEX
03990.HK,HKEX
03991.HK,HKEX
03993.HK,HKEX
03996.HK,HKEX
03997.HK,HKEX
03998.HK,HKEX
03999.HK,HKEX
04332.HK,HKEX
04333.HK,HKEX
04335.HK,HKEX
04336.HK,HKEX
04337.HK,HKEX
04338.HK,HKEX
04621.HK,HKEX
06030.HK,HKEX
06031.HK,HKEX
06033.HK,HKEX
06036.HK,HKEX
06038.HK,HKEX
06049.HK,HKEX
06055.HK,HKEX
06058.HK,HKEX
06060.HK,HKEX
06063.HK,HKEX
06066.HK,HKEX
06068.HK,HKEX
06069.HK,HKEX
06078.HK,HKEX
06080.HK,HKEX
06082.HK,HKEX
06083.HK,HKEX
06086.HK,HKEX
06088.HK,HKEX
06090.HK,HKEX
06093.HK,HKEX
06098.HK,HKEX
06099.HK,HKEX
06100.HK,HKEX
06108.HK,HKEX
06110.HK,HKEX
06113.HK,HKEX
06117.HK,HKEX
06118.HK,HKEX
06119.HK,HKEX
06123.HK,HKEX
06127.HK,HKEX
06128.HK,HKEX
06133.HK,HKEX
06136.HK,HKEX
06138.HK,HKEX
06158.HK,HKEX
06160.HK,HKEX
06162.HK,HKEX
06163.HK,HKEX
06166.HK,HKEX
06168.HK,HKEX
06169.HK,HKEX
06178.HK,HKEX
06181.HK,HKEX
06182.HK,HKEX
06185.HK,HKEX
06186.HK,HKEX
06188.HK,HKEX
06189.HK,HKEX
06190.HK,HKEX
06193.HK,HKEX
06196.HK,HKEX
06198.HK,HKEX
06199.HK,HKEX
06288.HK,HKEX
06600.HK,HKEX
06601.HK,HKEX
06603.HK,HKEX
06608.HK,HKEX
06609.HK,HKEX
06610.HK,HKEX
06611.HK,HKEX
06613.HK,HKEX
06616.HK,HKEX
06618.HK,HKEX
06622.HK,HKEX
06623.HK,HKEX
06626.HK,HKEX
06628.HK,HKEX
06633.HK,HKEX
06639.HK,HKEX
06651.HK,HKEX
06655.HK,HKEX
06657.HK,HKEX
06660.HK,HKEX
06661.HK,HKEX
06663.HK,HKEX
06666.HK,HKEX
06667.HK,HKEX
06668.HK,HKEX
06669.HK,HKEX
06676.HK,HKEX
06677.HK,HKEX
06680.HK,HKEX
06681.HK,HKEX
06682.HK,HKEX
06683.HK,HKEX
06686.HK,HKEX
06687.HK,HKEX
06690.HK,HKEX
06693.HK,HKEX
06696.HK,HKEX
06698.HK,HKEX
06699.HK,HKEX
06805.HK,HKEX
06806.HK,HKEX
06808.HK,HKEX
06811.HK,HKEX
06812.HK,HKEX
06816.HK,HKEX
06818.HK,HKEX
06820.HK,HKEX
06821.HK,HKEX
06822.HK,HKEX
06823.HK,HKEX
06826.HK,HKEX
06828.HK,HKEX
06829.HK,HKEX
06830.HK,HKEX
06831.HK,HKEX
06833.HK,HKEX
06838.HK,HKEX
06839.HK,HKEX
06855.HK,HKEX
06858.HK,HKEX
06860.HK,HKEX
06862.HK,HKEX
06865.HK,HKEX
06866.HK,HKEX
06868.HK,HKEX
06869.HK,HKEX
06877.HK,HKEX
06878.HK,HKEX
06881.HK,HKEX
06882.HK,HKEX
06883.HK,HKEX
06885.HK,HKEX
06886.HK,HKEX
06887.HK,HKEX
06888.HK,HKEX
06889.HK,HKEX
06890.HK,HKEX
06893.HK,HKEX
06896.HK,HKEX
06898.HK,HKEX
06899.HK,HKEX
06908.HK,HKEX
06909.HK,HKEX
06911.HK,HKEX
06913.HK,HKEX
06918.HK,HKEX
06919.HK,HKEX
06922.HK,HKEX
06928.HK,HKEX
06929.HK,HKEX
06933.HK,HKEX
06936.HK,HKEX
06938.HK,HKEX
06939.HK,HKEX
06955.HK,HKEX
06958.HK,HKEX
06959.HK,HKEX
06960.HK,HKEX
06963.HK,HKEX
06966.HK,HKEX
06968.HK,HKEX
06969.HK,HKEX
06978.HK,HKEX
06979.HK,HKEX
06980.HK,HKEX
06988.HK,HKEX
06989.HK,HKEX
06990.HK,HKEX
06993.HK,HKEX
06996.HK,HKEX
06998.HK,HKEX
06999.HK,HKEX
07618.HK,HKEX
08003.HK,HKEX
08005.HK,HKEX
08006.HK,HKEX
08007.HK,HKEX
08013.HK,HKEX
08017.HK,HKEX
08018.HK,HKEX
08019.HK,HKEX
08020.HK,HKEX
08021.HK,HKEX
08023.HK,HKEX
08026.HK,HKEX
08027.HK,HKEX
08028.HK,HKEX
08029.HK,HKEX
08030.HK,HKEX
08031.HK,HKEX
08033.HK,HKEX
08035.HK,HKEX
08036.HK,HKEX
08037.HK,HKEX
08039.HK,HKEX
08040.HK,HKEX
08041.HK,HKEX
08042.HK,HKEX
08043.HK,HKEX
08047.HK,HKEX
08048.HK,HKEX
08049.HK,HKEX
08050.HK,HKEX
08051.HK,HKEX
08052.HK,HKEX
08056.HK,HKEX
08057.HK,HKEX
08059.HK,HKEX
08060.HK,HKEX
08062.HK,HKEX
08063.HK,HKEX
08065.HK,HKEX
08066.HK,HKEX
08067.HK,HKEX
08069.HK,HKEX
08070.HK,HKEX
08071.HK,HKEX
08072.HK,HKEX
08073.HK,HKEX
08076.HK,HKEX
08079.HK,HKEX
08080.HK,HKEX
08081.HK,HKEX
08082.HK,HKEX
08083.HK,HKEX
08087.HK,HKEX
08091.HK,HKEX
08092.HK,HKEX
08093.HK,HKEX
08095.HK,HKEX
08096.HK,HKEX
08098.HK,HKEX
08100.HK,HKEX
08103.HK,HKEX
08106.HK,HKEX
08107.HK,HKEX
08111.HK,HKEX
08112.HK,HKEX
08113.HK,HKEX
08115.HK,HKEX
08117.HK,HKEX
08118.HK,HKEX
08120.HK,HKEX
08121.HK,HKEX
08123.HK,HKEX
08125.HK,HKEX
08126.HK,HKEX
08128.HK,HKEX
08130.HK,HKEX
08131.HK,HKEX
08132.HK,HKEX
08133.HK,HKEX
08136.HK,HKEX
08137.HK,HKEX
08139.HK,HKEX
08140.HK,HKEX
08143.HK,HKEX
08146.HK,HKEX
08147.HK,HKEX
08148.HK,HKEX
08149.HK,HKEX
08152.HK,HKEX
08153.HK,HKEX
08156.HK,HKEX
08158.HK,HKEX
08159.HK,HKEX
08160.HK,HKEX
08161.HK,HKEX
08162.HK,HKEX
08163.HK,HKEX
08168.HK,HKEX
08169.HK,HKEX
08172.HK,HKEX
08173.HK,HKEX
08176.HK,HKEX
08178.HK,HKEX
08179.HK,HKEX
08181.HK,HKEX
08186.HK,HKEX
08187.HK,HKEX
08188.HK,HKEX
08189.HK,HKEX
08191.HK,HKEX
08193.HK,HKEX
08195.HK,HKEX
08196.HK,HKEX
08198.HK,HKEX
08200.HK,HKEX
08201.HK,HKEX
08203.HK,HKEX
08205.HK,HKEX
08206.HK,HKEX
08208.HK,HKEX
08210.HK,HKEX
08211.HK,HKEX
08213.HK,HKEX
08217.HK,HKEX
08218.HK,HKEX
08219.HK,HKEX
08220.HK,HKEX
08221.HK,HKEX
08222.HK,HKEX
08223.HK,HKEX
08225.HK,HKEX
08226.HK,HKEX
08227.HK,HKEX
08229.HK,HKEX
08232.HK,HKEX
08237.HK,HKEX
08238.HK,HKEX
08239.HK,HKEX
08241.HK,HKEX
08245.HK,HKEX
08246.HK,HKEX
08247.HK,HKEX
08249.HK,HKEX
08250.HK,HKEX
08257.HK,HKEX
08262.HK,HKEX
08267.HK,HKEX
08268.HK,HKEX
08269.HK,HKEX
08270.HK,HKEX
08271.HK,HKEX
08275.HK,HKEX
08277.HK,HKEX
08279.HK,HKEX
08280.HK,HKEX
08281.HK,HKEX
08282.HK,HKEX
08283.HK,HKEX
08285.HK,HKEX
08286.HK,HKEX
08290.HK,HKEX
08291.HK,HKEX
08292.HK,HKEX
08293.HK,HKEX
08295.HK,HKEX
08296.HK,HKEX
08297.HK,HKEX
08299.HK,HKEX
08300.HK,HKEX
08305.HK,HKEX
08307.HK,HKEX
08308.HK,HKEX
08309.HK,HKEX
08310.HK,HKEX
08311.HK,HKEX
08313.HK,HKEX
08315.HK,HKEX
08316.HK,HKEX
08317.HK,HKEX
08319.HK,HKEX
08320.HK,HKEX
08321.HK,HKEX
08326.HK,HKEX
08328.HK,HKEX
08329.HK,HKEX
08331.HK,HKEX
08333.HK,HKEX
08337.HK,HKEX
08340.HK,HKEX
08341.HK,HKEX
08347.HK,HKEX
08348.HK,HKEX
08349.HK,HKEX
08350.HK,HKEX
08356.HK,HKEX
08357.HK,HKEX
08360.HK,HKEX
08362.HK,HKEX
08365.HK,HKEX
08366.HK,HKEX
08367.HK,HKEX
08368.HK,HKEX
08370.HK,HKEX
08371.HK,HKEX
08372.HK,HKEX
08373.HK,HKEX
08375.HK,HKEX
08377.HK,HKEX
08379.HK,HKEX
08385.HK,HKEX
08391.HK,HKEX
08392.HK,HKEX
08395.HK,HKEX
08400.HK,HKEX
08401.HK,HKEX
08402.HK,HKEX
08403.HK,HKEX
08406.HK,HKEX
08411.HK,HKEX
08412.HK,HKEX
08413.HK,HKEX
08416.HK,HKEX
08417.HK,HKEX
08418.HK,HKEX
08419.HK,HKEX
08420.HK,HKEX
08422.HK,HKEX
08423.HK,HKEX
08425.HK,HKEX
08426.HK,HKEX
08427.HK,HKEX
08428.HK,HKEX
08429.HK,HKEX
08430.HK,HKEX
08431.HK,HKEX
08432.HK,HKEX
08436.HK,HKEX
08437.HK,HKEX
08439.HK,HKEX
08445.HK,HKEX
08446.HK,HKEX
08447.HK,HKEX
08448.HK,HKEX
08450.HK,HKEX
08451.HK,HKEX
08452.HK,HKEX
08455.HK,HKEX
08456.HK,HKEX
08460.HK,HKEX
08462.HK,HKEX
08471.HK,HKEX
08472.HK,HKEX
08473.HK,HKEX
08475.HK,HKEX
08480.HK,HKEX
08481.HK,HKEX
08482.HK,HKEX
08483.HK,HKEX
08487.HK,HKEX
08489.HK,HKEX
08490.HK,HKEX
08491.HK,HKEX
08493.HK,HKEX
08495.HK,HKEX
08496.HK,HKEX
08500.HK,HKEX
08501.HK,HKEX
08502.HK,HKEX
08507.HK,HKEX
08509.HK,HKEX
08510.HK,HKEX
08511.HK,HKEX
08512.HK,HKEX
08513.HK,HKEX
08516.HK,HKEX
08519.HK,HKEX
08521.HK,HKEX
08525.HK,HKEX
08526.HK,HKEX
08527.HK,HKEX
08529.HK,HKEX
08532.HK,HKEX
08535.HK,HKEX
08536.HK,HKEX
08537.HK,HKEX
08540.HK,HKEX
08545.HK,HKEX
08547.HK,HKEX
08549.HK,HKEX
08591.HK,HKEX
08592.HK,HKEX
08595.HK,HKEX
08601.HK,HKEX
08603.HK,HKEX
08606.HK,HKEX
08610.HK,HKEX
08611.HK,HKEX
08612.HK,HKEX
08613.HK,HKEX
08616.HK,HKEX
08619.HK,HKEX
08620.HK,HKEX
08621.HK,HKEX
08622.HK,HKEX
08623.HK,HKEX
08627.HK,HKEX
08629.HK,HKEX
08631.HK,HKEX
08635.HK,HKEX
08637.HK,HKEX
08645.HK,HKEX
08646.HK,HKEX
08657.HK,HKEX
08659.HK,HKEX
08668.HK,HKEX
09600.HK,HKEX
09606.HK,HKEX
09608.HK,HKEX
09609.HK,HKEX
09611.HK,HKEX
09616.HK,HKEX
09618.HK,HKEX
09626.HK,HKEX
09633.HK,HKEX
09636.HK,HKEX
09638.HK,HKEX
09639.HK,HKEX
09658.HK,HKEX
09660.HK,HKEX
09663.HK,HKEX
09666.HK,HKEX
09668.HK,HKEX
09669.HK,HKEX
09676.HK,HKEX
09677.HK,HKEX
09678.HK,HKEX
09680.HK,HKEX
09686.HK,HKEX
09688.HK,HKEX
09689.HK,HKEX
09690.HK,HKEX
09696.HK,HKEX
09698.HK,HKEX
09699.HK,HKEX
09857.HK,HKEX
09858.HK,HKEX
09860.HK,HKEX
09863.HK,HKEX
09866.HK,HKEX
09868.HK,HKEX
09869.HK,HKEX
09876.HK,HKEX
09877.HK,HKEX
09878.HK,HKEX
09879.HK,HKEX
09880.HK,HKEX
09881.HK,HKEX
09882.HK,HKEX
09885.HK,HKEX
09886.HK,HKEX
09887.HK,HKEX
09888.HK,HKEX
09889.HK,HKEX
09890.HK,HKEX
09893.HK,HKEX
09896.HK,HKEX
09898.HK,HKEX
09899.HK,HKEX
09900.HK,HKEX
09901.HK,HKEX
09903.HK,HKEX
09906.HK,HKEX
09908.HK,HKEX
09909.HK,HKEX
09911.HK,HKEX
09913.HK,HKEX
09916.HK,HKEX
09918.HK,HKEX
09919.HK,HKEX
09922.HK,HKEX
09923.HK,HKEX
09926.HK,HKEX
09927.HK,HKEX
09928.HK,HKEX
09929.HK,HKEX
09930.HK,HKEX
09933.HK,HKEX
09936.HK,HKEX
09938.HK,HKEX
09939.HK,HKEX
09955.HK,HKEX
09956.HK,HKEX
09958.HK,HKEX
09959.HK,HKEX
09960.HK,HKEX
09961.HK,HKEX
09963.HK,HKEX
09966.HK,HKEX
09968.HK,HKEX
09969.HK,HKEX
09973.HK,HKEX
09978.HK,HKEX
09979.HK,HKEX
09982.HK,HKEX
09983.HK,HKEX
09985.HK,HKEX
09986.HK,HKEX
09987.HK,HKEX
09988.HK,HKEX
09989.HK,HKEX
09990.HK,HKEX
09991.HK,HKEX
09992.HK,HKEX
09993.HK,HKEX
09995.HK,HKEX
09996.HK,HKEX
09998.HK,HKEX
09999.HK,HKEX
80016.HK,HKEX
80020.HK,HKEX
80175.HK,HKEX
80291.HK,HKEX
80388.HK,HKEX
80700.HK,HKEX
80737.HK,HKEX
80883.HK,HKEX
80941.HK,HKEX
80992.HK,HKEX
81024.HK,HKEX
81211.HK,HKEX
81299.HK,HKEX
81810.HK,HKEX
82020.HK,HKEX
82318.HK,HKEX
82331.HK,HKEX
82333.HK,HKEX
82388.HK,HKEX
83690.HK,HKEX
86618.HK,HKEX
89618.HK,HKEX
89888.HK,HKEX
89988.HK,HKEX
